,Dataset,Selective,Max Depth,Estimators,Training Accuracy,Testing Accuracy
0,Month_6,False,2,25,0.8434442270058709,0.8767123287671232
1,Month_6,False,2,50,0.8571428571428571,0.8767123287671232
2,Month_6,False,2,75,0.863013698630137,0.8721461187214612
3,Month_6,False,2,100,0.8610567514677103,0.863013698630137
4,Month_6,False,2,150,0.863013698630137,0.8767123287671232
5,Month_6,False,2,200,0.863013698630137,0.8721461187214612
6,Month_6,False,3,25,0.8825831702544031,0.867579908675799
7,Month_6,False,3,50,0.8708414872798435,0.8721461187214612
8,Month_6,False,3,75,0.8747553816046967,0.8812785388127854
9,Month_6,False,3,100,0.8747553816046967,0.8812785388127854
10,Month_6,False,3,150,0.8806262230919765,0.8812785388127854
11,Month_6,False,3,200,0.8767123287671232,0.8812785388127854
12,Month_6,False,4,25,0.9001956947162426,0.867579908675799
13,Month_6,False,4,50,0.9060665362035225,0.8721461187214612
14,Month_6,False,4,75,0.9060665362035225,0.8767123287671232
15,Month_6,False,4,100,0.9080234833659491,0.8767123287671232
16,Month_6,False,4,150,0.9119373776908023,0.8721461187214612
17,Month_6,False,4,200,0.9158512720156555,0.8812785388127854
18,Month_6,False,5,25,0.9197651663405088,0.8767123287671232
19,Month_6,False,5,50,0.9393346379647749,0.8721461187214612
20,Month_6,False,5,75,0.9471624266144814,0.8721461187214612
21,Month_6,False,5,100,0.9432485322896281,0.8721461187214612
22,Month_6,False,5,150,0.9471624266144814,0.8721461187214612
23,Month_6,False,5,200,0.9471624266144814,0.8721461187214612
24,Month_6,False,6,25,0.9667318982387475,0.8721461187214612
25,Month_6,False,6,50,0.9647749510763209,0.863013698630137
26,Month_6,False,6,75,0.958904109589041,0.867579908675799
27,Month_6,False,6,100,0.958904109589041,0.863013698630137
28,Month_6,False,6,150,0.9628180039138943,0.867579908675799
29,Month_6,False,6,200,0.9647749510763209,0.867579908675799
30,Month_6,False,7,25,0.9784735812133072,0.8538812785388128
31,Month_6,False,7,50,0.9765166340508806,0.8584474885844748
32,Month_6,False,7,75,0.9804305283757339,0.867579908675799
33,Month_6,False,7,100,0.9804305283757339,0.8584474885844748
34,Month_6,False,7,150,0.9784735812133072,0.8538812785388128
35,Month_6,False,7,200,0.9804305283757339,0.867579908675799
36,Month_6,False,8,25,0.9882583170254403,0.867579908675799
37,Month_6,False,8,50,0.9863013698630136,0.8858447488584474
38,Month_6,False,8,75,0.9863013698630136,0.867579908675799
39,Month_6,False,8,100,0.9902152641878669,0.867579908675799
40,Month_6,False,8,150,0.9921722113502935,0.867579908675799
41,Month_6,False,8,200,0.9941291585127201,0.863013698630137
42,Month_6,False,9,25,0.9941291585127201,0.8767123287671232
43,Month_6,False,9,50,0.9941291585127201,0.8812785388127854
44,Month_6,False,9,75,0.9960861056751468,0.8767123287671232
45,Month_6,False,9,100,1.0,0.8812785388127854
46,Month_6,False,9,150,1.0,0.8767123287671232
47,Month_6,False,9,200,1.0,0.8812785388127854
48,Month_6,False,10,25,0.9980430528375733,0.867579908675799
49,Month_6,False,10,50,0.9980430528375733,0.8721461187214612
50,Month_6,False,10,75,1.0,0.8721461187214612
51,Month_6,False,10,100,1.0,0.8767123287671232
52,Month_6,False,10,150,1.0,0.867579908675799
53,Month_6,False,10,200,1.0,0.8767123287671232
54,Month_12,False,2,25,0.885593220338983,0.8423645320197044
55,Month_12,False,2,50,0.885593220338983,0.8522167487684729
56,Month_12,False,2,75,0.8877118644067796,0.8472906403940886
57,Month_12,False,2,100,0.8877118644067796,0.8522167487684729
58,Month_12,False,2,150,0.8919491525423728,0.8472906403940886
59,Month_12,False,2,200,0.8898305084745762,0.8522167487684729
60,Month_12,False,3,25,0.9194915254237288,0.8620689655172413
61,Month_12,False,3,50,0.923728813559322,0.8768472906403941
62,Month_12,False,3,75,0.9173728813559322,0.8817733990147784
63,Month_12,False,3,100,0.9173728813559322,0.8866995073891626
64,Month_12,False,3,150,0.9152542372881356,0.8817733990147784
65,Month_12,False,3,200,0.9152542372881356,0.8817733990147784
66,Month_12,False,4,25,0.9427966101694916,0.8817733990147784
67,Month_12,False,4,50,0.9449152542372882,0.8768472906403941
68,Month_12,False,4,75,0.940677966101695,0.8719211822660099
69,Month_12,False,4,100,0.9385593220338984,0.8817733990147784
70,Month_12,False,4,150,0.9449152542372882,0.8719211822660099
71,Month_12,False,4,200,0.940677966101695,0.8768472906403941
72,Month_12,False,5,25,0.9576271186440678,0.8768472906403941
73,Month_12,False,5,50,0.9597457627118644,0.8768472906403941
74,Month_12,False,5,75,0.961864406779661,0.8817733990147784
75,Month_12,False,5,100,0.9639830508474576,0.8768472906403941
76,Month_12,False,5,150,0.961864406779661,0.8768472906403941
77,Month_12,False,5,200,0.9639830508474576,0.8768472906403941
78,Month_12,False,6,25,0.972457627118644,0.8620689655172413
79,Month_12,False,6,50,0.972457627118644,0.8768472906403941
80,Month_12,False,6,75,0.9766949152542372,0.8669950738916257
81,Month_12,False,6,100,0.9745762711864406,0.8620689655172413
82,Month_12,False,6,150,0.9745762711864406,0.8719211822660099
83,Month_12,False,6,200,0.972457627118644,0.8768472906403941
84,Month_12,False,7,25,0.989406779661017,0.8768472906403941
85,Month_12,False,7,50,0.9872881355932204,0.8768472906403941
86,Month_12,False,7,75,0.9830508474576272,0.8866995073891626
87,Month_12,False,7,100,0.9830508474576272,0.8768472906403941
88,Month_12,False,7,150,0.9851694915254238,0.8768472906403941
89,Month_12,False,7,200,0.9872881355932204,0.8768472906403941
90,Month_12,False,8,25,0.989406779661017,0.8522167487684729
91,Month_12,False,8,50,0.9936440677966102,0.8620689655172413
92,Month_12,False,8,75,0.9936440677966102,0.8620689655172413
93,Month_12,False,8,100,0.9978813559322034,0.8620689655172413
94,Month_12,False,8,150,0.9957627118644068,0.8620689655172413
95,Month_12,False,8,200,0.9957627118644068,0.8768472906403941
96,Month_12,False,9,25,0.9936440677966102,0.8275862068965517
97,Month_12,False,9,50,1.0,0.8522167487684729
98,Month_12,False,9,75,0.9978813559322034,0.8571428571428571
99,Month_12,False,9,100,0.9978813559322034,0.8719211822660099
100,Month_12,False,9,150,0.9978813559322034,0.8620689655172413
101,Month_12,False,9,200,0.9978813559322034,0.8620689655172413
102,Month_12,False,10,25,0.9936440677966102,0.8374384236453202
103,Month_12,False,10,50,1.0,0.8571428571428571
104,Month_12,False,10,75,0.9978813559322034,0.8768472906403941
105,Month_12,False,10,100,0.9978813559322034,0.8669950738916257
106,Month_12,False,10,150,1.0,0.8768472906403941
107,Month_12,False,10,200,1.0,0.8768472906403941
108,Month_18,False,2,25,0.8598130841121495,0.8241758241758241
109,Month_18,False,2,50,0.8598130841121495,0.8241758241758241
110,Month_18,False,2,75,0.8598130841121495,0.8131868131868132
111,Month_18,False,2,100,0.8644859813084113,0.8131868131868132
112,Month_18,False,2,150,0.8691588785046729,0.8131868131868132
113,Month_18,False,2,200,0.8644859813084113,0.8131868131868132
114,Month_18,False,3,25,0.897196261682243,0.8351648351648352
115,Month_18,False,3,50,0.9018691588785047,0.8351648351648352
116,Month_18,False,3,75,0.9018691588785047,0.8461538461538461
117,Month_18,False,3,100,0.8878504672897196,0.8571428571428571
118,Month_18,False,3,150,0.9018691588785047,0.8571428571428571
119,Month_18,False,3,200,0.9018691588785047,0.8571428571428571
120,Month_18,False,4,25,0.9392523364485982,0.8461538461538461
121,Month_18,False,4,50,0.9392523364485982,0.8571428571428571
122,Month_18,False,4,75,0.9392523364485982,0.8571428571428571
123,Month_18,False,4,100,0.9439252336448598,0.8681318681318682
124,Month_18,False,4,150,0.9345794392523364,0.8571428571428571
125,Month_18,False,4,200,0.9392523364485982,0.8681318681318682
126,Month_18,False,5,25,0.9579439252336449,0.8681318681318682
127,Month_18,False,5,50,0.9626168224299065,0.8571428571428571
128,Month_18,False,5,75,0.9626168224299065,0.8571428571428571
129,Month_18,False,5,100,0.9672897196261683,0.8681318681318682
130,Month_18,False,5,150,0.9719626168224299,0.8571428571428571
131,Month_18,False,5,200,0.9766355140186916,0.8571428571428571
132,Month_18,False,6,25,0.9813084112149533,0.8681318681318682
133,Month_18,False,6,50,0.9813084112149533,0.8571428571428571
134,Month_18,False,6,75,0.9813084112149533,0.8681318681318682
135,Month_18,False,6,100,0.9813084112149533,0.8791208791208791
136,Month_18,False,6,150,0.9813084112149533,0.8901098901098901
137,Month_18,False,6,200,0.9813084112149533,0.8791208791208791
138,Month_18,False,7,25,0.9766355140186916,0.8791208791208791
139,Month_18,False,7,50,0.9906542056074766,0.8461538461538461
140,Month_18,False,7,75,0.9906542056074766,0.8461538461538461
141,Month_18,False,7,100,0.9906542056074766,0.8461538461538461
142,Month_18,False,7,150,0.9906542056074766,0.8571428571428571
143,Month_18,False,7,200,0.9906542056074766,0.8571428571428571
144,Month_18,False,8,25,0.9953271028037384,0.8571428571428571
145,Month_18,False,8,50,1.0,0.8571428571428571
146,Month_18,False,8,75,1.0,0.8681318681318682
147,Month_18,False,8,100,1.0,0.8681318681318682
148,Month_18,False,8,150,1.0,0.8791208791208791
149,Month_18,False,8,200,1.0,0.8901098901098901
150,Month_18,False,9,25,1.0,0.8901098901098901
151,Month_18,False,9,50,1.0,0.8681318681318682
152,Month_18,False,9,75,1.0,0.8681318681318682
153,Month_18,False,9,100,1.0,0.8571428571428571
154,Month_18,False,9,150,1.0,0.8681318681318682
155,Month_18,False,9,200,1.0,0.8791208791208791
156,Month_18,False,10,25,1.0,0.8901098901098901
157,Month_18,False,10,50,1.0,0.8571428571428571
158,Month_18,False,10,75,1.0,0.8571428571428571
159,Month_18,False,10,100,1.0,0.8571428571428571
160,Month_18,False,10,150,1.0,0.8791208791208791
161,Month_18,False,10,200,1.0,0.8791208791208791
162,Month_24,False,2,25,0.8582474226804123,0.8674698795180723
163,Month_24,False,2,50,0.8608247422680413,0.8674698795180723
164,Month_24,False,2,75,0.8479381443298969,0.8734939759036144
165,Month_24,False,2,100,0.8479381443298969,0.8734939759036144
166,Month_24,False,2,150,0.845360824742268,0.8674698795180723
167,Month_24,False,2,200,0.8505154639175257,0.8674698795180723
168,Month_24,False,3,25,0.8891752577319587,0.8554216867469879
169,Month_24,False,3,50,0.8917525773195877,0.8614457831325302
170,Month_24,False,3,75,0.8814432989690721,0.8614457831325302
171,Month_24,False,3,100,0.884020618556701,0.8614457831325302
172,Month_24,False,3,150,0.8762886597938144,0.8795180722891566
173,Month_24,False,3,200,0.8814432989690721,0.8674698795180723
174,Month_24,False,4,25,0.9175257731958762,0.8614457831325302
175,Month_24,False,4,50,0.9201030927835051,0.8795180722891566
176,Month_24,False,4,75,0.9175257731958762,0.8734939759036144
177,Month_24,False,4,100,0.9201030927835051,0.8554216867469879
178,Month_24,False,4,150,0.9201030927835051,0.8674698795180723
179,Month_24,False,4,200,0.9226804123711341,0.8674698795180723
180,Month_24,False,5,25,0.9432989690721649,0.8734939759036144
181,Month_24,False,5,50,0.9432989690721649,0.8554216867469879
182,Month_24,False,5,75,0.9484536082474226,0.8614457831325302
183,Month_24,False,5,100,0.9484536082474226,0.8554216867469879
184,Month_24,False,5,150,0.9458762886597938,0.8795180722891566
185,Month_24,False,5,200,0.9458762886597938,0.8674698795180723
186,Month_24,False,6,25,0.9561855670103093,0.8433734939759037
187,Month_24,False,6,50,0.9664948453608248,0.8554216867469879
188,Month_24,False,6,75,0.9690721649484536,0.8554216867469879
189,Month_24,False,6,100,0.9690721649484536,0.8614457831325302
190,Month_24,False,6,150,0.9639175257731959,0.8795180722891566
191,Month_24,False,6,200,0.9639175257731959,0.8614457831325302
192,Month_24,False,7,25,0.9845360824742269,0.8493975903614458
193,Month_24,False,7,50,0.9922680412371134,0.8433734939759037
194,Month_24,False,7,75,0.9948453608247423,0.8373493975903614
195,Month_24,False,7,100,0.9948453608247423,0.8493975903614458
196,Month_24,False,7,150,0.9948453608247423,0.8493975903614458
197,Month_24,False,7,200,0.9974226804123711,0.8493975903614458
198,Month_24,False,8,25,0.9974226804123711,0.8614457831325302
199,Month_24,False,8,50,1.0,0.8614457831325302
200,Month_24,False,8,75,1.0,0.8554216867469879
201,Month_24,False,8,100,1.0,0.8554216867469879
202,Month_24,False,8,150,1.0,0.8674698795180723
203,Month_24,False,8,200,1.0,0.8554216867469879
204,Month_24,False,9,25,1.0,0.8674698795180723
205,Month_24,False,9,50,1.0,0.8433734939759037
206,Month_24,False,9,75,1.0,0.8614457831325302
207,Month_24,False,9,100,1.0,0.8493975903614458
208,Month_24,False,9,150,1.0,0.8554216867469879
209,Month_24,False,9,200,1.0,0.8373493975903614
210,Month_24,False,10,25,1.0,0.8554216867469879
211,Month_24,False,10,50,1.0,0.8493975903614458
212,Month_24,False,10,75,1.0,0.8493975903614458
213,Month_24,False,10,100,1.0,0.8493975903614458
214,Month_24,False,10,150,1.0,0.8614457831325302
215,Month_24,False,10,200,1.0,0.8554216867469879
216,Month_36,False,2,25,0.9188191881918819,0.8275862068965517
217,Month_36,False,2,50,0.922509225092251,0.8362068965517241
218,Month_36,False,2,75,0.9261992619926199,0.8362068965517241
219,Month_36,False,2,100,0.9298892988929889,0.8362068965517241
220,Month_36,False,2,150,0.9261992619926199,0.8362068965517241
221,Month_36,False,2,200,0.9298892988929889,0.8448275862068966
222,Month_36,False,3,25,0.9372693726937269,0.8448275862068966
223,Month_36,False,3,50,0.9372693726937269,0.8362068965517241
224,Month_36,False,3,75,0.9372693726937269,0.8275862068965517
225,Month_36,False,3,100,0.9372693726937269,0.8362068965517241
226,Month_36,False,3,150,0.9372693726937269,0.8448275862068966
227,Month_36,False,3,200,0.9372693726937269,0.8362068965517241
228,Month_36,False,4,25,0.9520295202952029,0.8448275862068966
229,Month_36,False,4,50,0.9520295202952029,0.8275862068965517
230,Month_36,False,4,75,0.948339483394834,0.8189655172413793
231,Month_36,False,4,100,0.948339483394834,0.8275862068965517
232,Month_36,False,4,150,0.9446494464944649,0.8362068965517241
233,Month_36,False,4,200,0.9446494464944649,0.8275862068965517
234,Month_36,False,5,25,0.948339483394834,0.8362068965517241
235,Month_36,False,5,50,0.9704797047970479,0.8362068965517241
236,Month_36,False,5,75,0.974169741697417,0.8275862068965517
237,Month_36,False,5,100,0.9704797047970479,0.8275862068965517
238,Month_36,False,5,150,0.9704797047970479,0.8275862068965517
239,Month_36,False,5,200,0.977859778597786,0.8275862068965517
240,Month_36,False,6,25,0.985239852398524,0.8362068965517241
241,Month_36,False,6,50,0.988929889298893,0.8362068965517241
242,Month_36,False,6,75,0.992619926199262,0.8448275862068966
243,Month_36,False,6,100,0.992619926199262,0.8448275862068966
244,Month_36,False,6,150,0.996309963099631,0.8448275862068966
245,Month_36,False,6,200,0.996309963099631,0.8362068965517241
246,Month_36,False,7,25,1.0,0.8362068965517241
247,Month_36,False,7,50,1.0,0.8362068965517241
248,Month_36,False,7,75,1.0,0.8448275862068966
249,Month_36,False,7,100,1.0,0.8448275862068966
250,Month_36,False,7,150,1.0,0.8448275862068966
251,Month_36,False,7,200,1.0,0.8362068965517241
252,Month_36,False,8,25,1.0,0.8362068965517241
253,Month_36,False,8,50,1.0,0.8362068965517241
254,Month_36,False,8,75,1.0,0.8448275862068966
255,Month_36,False,8,100,1.0,0.8448275862068966
256,Month_36,False,8,150,1.0,0.8448275862068966
257,Month_36,False,8,200,1.0,0.8362068965517241
258,Month_36,False,9,25,1.0,0.8448275862068966
259,Month_36,False,9,50,1.0,0.8362068965517241
260,Month_36,False,9,75,1.0,0.8362068965517241
261,Month_36,False,9,100,1.0,0.8448275862068966
262,Month_36,False,9,150,1.0,0.8448275862068966
263,Month_36,False,9,200,1.0,0.8362068965517241
264,Month_36,False,10,25,1.0,0.8448275862068966
265,Month_36,False,10,50,1.0,0.8362068965517241
266,Month_36,False,10,75,1.0,0.8362068965517241
267,Month_36,False,10,100,1.0,0.8448275862068966
268,Month_36,False,10,150,1.0,0.8362068965517241
269,Month_36,False,10,200,1.0,0.8362068965517241
270,Month_48,False,2,25,0.9577464788732394,0.9333333333333333
271,Month_48,False,2,50,0.9436619718309859,0.9666666666666667
272,Month_48,False,2,75,0.9577464788732394,0.9666666666666667
273,Month_48,False,2,100,0.9436619718309859,0.9666666666666667
274,Month_48,False,2,150,0.9577464788732394,0.9666666666666667
275,Month_48,False,2,200,0.9577464788732394,0.9666666666666667
276,Month_48,False,3,25,0.971830985915493,0.9666666666666667
277,Month_48,False,3,50,0.9859154929577465,0.9666666666666667
278,Month_48,False,3,75,1.0,0.9666666666666667
279,Month_48,False,3,100,1.0,0.9666666666666667
280,Month_48,False,3,150,1.0,0.9666666666666667
281,Month_48,False,3,200,1.0,0.9666666666666667
282,Month_48,False,4,25,0.971830985915493,0.9666666666666667
283,Month_48,False,4,50,1.0,0.9333333333333333
284,Month_48,False,4,75,1.0,0.9666666666666667
285,Month_48,False,4,100,1.0,0.9666666666666667
286,Month_48,False,4,150,1.0,0.9666666666666667
287,Month_48,False,4,200,1.0,0.9666666666666667
288,Month_48,False,5,25,1.0,0.9666666666666667
289,Month_48,False,5,50,1.0,0.9666666666666667
290,Month_48,False,5,75,1.0,0.9666666666666667
291,Month_48,False,5,100,1.0,0.9666666666666667
292,Month_48,False,5,150,1.0,0.9666666666666667
293,Month_48,False,5,200,1.0,0.9666666666666667
294,Month_48,False,6,25,1.0,0.9666666666666667
295,Month_48,False,6,50,1.0,0.9333333333333333
296,Month_48,False,6,75,1.0,0.9666666666666667
297,Month_48,False,6,100,1.0,0.9666666666666667
298,Month_48,False,6,150,1.0,0.9666666666666667
299,Month_48,False,6,200,1.0,0.9666666666666667
300,Month_48,False,7,25,1.0,0.9666666666666667
301,Month_48,False,7,50,1.0,0.9333333333333333
302,Month_48,False,7,75,1.0,0.9666666666666667
303,Month_48,False,7,100,1.0,0.9666666666666667
304,Month_48,False,7,150,1.0,0.9666666666666667
305,Month_48,False,7,200,1.0,0.9666666666666667
306,Month_48,False,8,25,1.0,0.9666666666666667
307,Month_48,False,8,50,1.0,0.9333333333333333
308,Month_48,False,8,75,1.0,0.9666666666666667
309,Month_48,False,8,100,1.0,0.9666666666666667
310,Month_48,False,8,150,1.0,0.9666666666666667
311,Month_48,False,8,200,1.0,0.9666666666666667
312,Month_48,False,9,25,1.0,0.9666666666666667
313,Month_48,False,9,50,1.0,0.9333333333333333
314,Month_48,False,9,75,1.0,0.9666666666666667
315,Month_48,False,9,100,1.0,0.9666666666666667
316,Month_48,False,9,150,1.0,0.9666666666666667
317,Month_48,False,9,200,1.0,0.9666666666666667
318,Month_48,False,10,25,1.0,0.9666666666666667
319,Month_48,False,10,50,1.0,0.9333333333333333
320,Month_48,False,10,75,1.0,0.9666666666666667
321,Month_48,False,10,100,1.0,0.9666666666666667
322,Month_48,False,10,150,1.0,0.9666666666666667
323,Month_48,False,10,200,1.0,0.9666666666666667
324,Month_6,True,2,25,0.8395303326810176,0.8767123287671232
325,Month_6,True,2,50,0.8493150684931506,0.867579908675799
326,Month_6,True,2,75,0.8473581213307241,0.8721461187214612
327,Month_6,True,2,100,0.8493150684931506,0.8721461187214612
328,Month_6,True,2,150,0.8454011741682974,0.863013698630137
329,Month_6,True,2,200,0.8454011741682974,0.863013698630137
330,Month_6,True,3,25,0.863013698630137,0.8767123287671232
331,Month_6,True,3,50,0.8649706457925636,0.8721461187214612
332,Month_6,True,3,75,0.8669275929549902,0.8767123287671232
333,Month_6,True,3,100,0.8669275929549902,0.8767123287671232
334,Month_6,True,3,150,0.8708414872798435,0.8812785388127854
335,Month_6,True,3,200,0.8688845401174168,0.8812785388127854
336,Month_6,True,4,25,0.8845401174168297,0.867579908675799
337,Month_6,True,4,50,0.8806262230919765,0.867579908675799
338,Month_6,True,4,75,0.8884540117416829,0.863013698630137
339,Month_6,True,4,100,0.8904109589041096,0.8721461187214612
340,Month_6,True,4,150,0.8845401174168297,0.8767123287671232
341,Month_6,True,4,200,0.8845401174168297,0.8767123287671232
342,Month_6,True,5,25,0.9021526418786693,0.867579908675799
343,Month_6,True,5,50,0.9041095890410958,0.863013698630137
344,Month_6,True,5,75,0.9060665362035225,0.867579908675799
345,Month_6,True,5,100,0.9099804305283757,0.8812785388127854
346,Month_6,True,5,150,0.9099804305283757,0.8767123287671232
347,Month_6,True,5,200,0.9080234833659491,0.8767123287671232
348,Month_6,True,6,25,0.9315068493150684,0.863013698630137
349,Month_6,True,6,50,0.9315068493150684,0.8721461187214612
350,Month_6,True,6,75,0.9256360078277887,0.8721461187214612
351,Month_6,True,6,100,0.9334637964774951,0.8767123287671232
352,Month_6,True,6,150,0.9275929549902152,0.867579908675799
353,Month_6,True,6,200,0.9275929549902152,0.8721461187214612
354,Month_6,True,7,25,0.9393346379647749,0.8721461187214612
355,Month_6,True,7,50,0.9452054794520548,0.863013698630137
356,Month_6,True,7,75,0.949119373776908,0.8721461187214612
357,Month_6,True,7,100,0.949119373776908,0.867579908675799
358,Month_6,True,7,150,0.9471624266144814,0.8721461187214612
359,Month_6,True,7,200,0.949119373776908,0.8767123287671232
360,Month_6,True,8,25,0.9549902152641878,0.8538812785388128
361,Month_6,True,8,50,0.9686888454011742,0.8538812785388128
362,Month_6,True,8,75,0.9726027397260274,0.863013698630137
363,Month_6,True,8,100,0.974559686888454,0.8584474885844748
364,Month_6,True,8,150,0.9726027397260274,0.863013698630137
365,Month_6,True,8,200,0.974559686888454,0.8721461187214612
366,Month_6,True,9,25,0.974559686888454,0.867579908675799
367,Month_6,True,9,50,0.9804305283757339,0.8721461187214612
368,Month_6,True,9,75,0.9804305283757339,0.8904109589041096
369,Month_6,True,9,100,0.9823874755381604,0.8721461187214612
370,Month_6,True,9,150,0.9823874755381604,0.8767123287671232
371,Month_6,True,9,200,0.9823874755381604,0.8721461187214612
372,Month_6,True,10,25,0.9843444227005871,0.8584474885844748
373,Month_6,True,10,50,0.9882583170254403,0.8538812785388128
374,Month_6,True,10,75,0.9863013698630136,0.8584474885844748
375,Month_6,True,10,100,0.9902152641878669,0.863013698630137
376,Month_6,True,10,150,0.9902152641878669,0.867579908675799
377,Month_6,True,10,200,0.9921722113502935,0.8812785388127854
378,Month_12,True,2,25,0.8728813559322034,0.8620689655172413
379,Month_12,True,2,50,0.8834745762711864,0.8620689655172413
380,Month_12,True,2,75,0.8898305084745762,0.8620689655172413
381,Month_12,True,2,100,0.8898305084745762,0.8620689655172413
382,Month_12,True,2,150,0.885593220338983,0.8620689655172413
383,Month_12,True,2,200,0.8877118644067796,0.8620689655172413
384,Month_12,True,3,25,0.8983050847457628,0.8571428571428571
385,Month_12,True,3,50,0.9046610169491526,0.8719211822660099
386,Month_12,True,3,75,0.9110169491525424,0.8768472906403941
387,Month_12,True,3,100,0.9067796610169492,0.8768472906403941
388,Month_12,True,3,150,0.9046610169491526,0.8768472906403941
389,Month_12,True,3,200,0.9046610169491526,0.8817733990147784
390,Month_12,True,4,25,0.9173728813559322,0.8719211822660099
391,Month_12,True,4,50,0.9194915254237288,0.8768472906403941
392,Month_12,True,4,75,0.9194915254237288,0.8866995073891626
393,Month_12,True,4,100,0.9194915254237288,0.8817733990147784
394,Month_12,True,4,150,0.9194915254237288,0.8817733990147784
395,Month_12,True,4,200,0.9194915254237288,0.8768472906403941
396,Month_12,True,5,25,0.9364406779661016,0.8719211822660099
397,Month_12,True,5,50,0.9364406779661016,0.8669950738916257
398,Month_12,True,5,75,0.9364406779661016,0.8768472906403941
399,Month_12,True,5,100,0.9385593220338984,0.8817733990147784
400,Month_12,True,5,150,0.934322033898305,0.8817733990147784
401,Month_12,True,5,200,0.9385593220338984,0.8768472906403941
402,Month_12,True,6,25,0.951271186440678,0.8768472906403941
403,Month_12,True,6,50,0.9533898305084746,0.8817733990147784
404,Month_12,True,6,75,0.9555084745762712,0.8817733990147784
405,Month_12,True,6,100,0.9555084745762712,0.8866995073891626
406,Month_12,True,6,150,0.9597457627118644,0.8817733990147784
407,Month_12,True,6,200,0.9576271186440678,0.8817733990147784
408,Month_12,True,7,25,0.9639830508474576,0.8620689655172413
409,Month_12,True,7,50,0.961864406779661,0.8719211822660099
410,Month_12,True,7,75,0.9597457627118644,0.8768472906403941
411,Month_12,True,7,100,0.9597457627118644,0.8719211822660099
412,Month_12,True,7,150,0.961864406779661,0.8768472906403941
413,Month_12,True,7,200,0.9597457627118644,0.8719211822660099
414,Month_12,True,8,25,0.9745762711864406,0.8817733990147784
415,Month_12,True,8,50,0.9703389830508474,0.8768472906403941
416,Month_12,True,8,75,0.9682203389830508,0.8817733990147784
417,Month_12,True,8,100,0.9745762711864406,0.8817733990147784
418,Month_12,True,8,150,0.972457627118644,0.8768472906403941
419,Month_12,True,8,200,0.9703389830508474,0.8768472906403941
420,Month_12,True,9,25,0.9766949152542372,0.8620689655172413
421,Month_12,True,9,50,0.9830508474576272,0.8669950738916257
422,Month_12,True,9,75,0.9788135593220338,0.8719211822660099
423,Month_12,True,9,100,0.9809322033898306,0.8669950738916257
424,Month_12,True,9,150,0.9809322033898306,0.8669950738916257
425,Month_12,True,9,200,0.9830508474576272,0.8620689655172413
426,Month_12,True,10,25,0.9872881355932204,0.8620689655172413
427,Month_12,True,10,50,0.9872881355932204,0.8719211822660099
428,Month_12,True,10,75,0.9851694915254238,0.8669950738916257
429,Month_12,True,10,100,0.989406779661017,0.8719211822660099
430,Month_12,True,10,150,0.9851694915254238,0.8669950738916257
431,Month_12,True,10,200,0.9851694915254238,0.8719211822660099
432,Month_18,True,2,25,0.8644859813084113,0.8681318681318682
433,Month_18,True,2,50,0.8691588785046729,0.8681318681318682
434,Month_18,True,2,75,0.883177570093458,0.8681318681318682
435,Month_18,True,2,100,0.883177570093458,0.8681318681318682
436,Month_18,True,2,150,0.883177570093458,0.8681318681318682
437,Month_18,True,2,200,0.883177570093458,0.8681318681318682
438,Month_18,True,3,25,0.897196261682243,0.8681318681318682
439,Month_18,True,3,50,0.9065420560747663,0.8681318681318682
440,Month_18,True,3,75,0.9158878504672897,0.8681318681318682
441,Month_18,True,3,100,0.9205607476635514,0.8571428571428571
442,Month_18,True,3,150,0.9112149532710281,0.8681318681318682
443,Month_18,True,3,200,0.9158878504672897,0.8681318681318682
444,Month_18,True,4,25,0.9065420560747663,0.8571428571428571
445,Month_18,True,4,50,0.9158878504672897,0.8571428571428571
446,Month_18,True,4,75,0.9299065420560748,0.8681318681318682
447,Month_18,True,4,100,0.9252336448598131,0.8681318681318682
448,Month_18,True,4,150,0.9392523364485982,0.8571428571428571
449,Month_18,True,4,200,0.9299065420560748,0.8571428571428571
450,Month_18,True,5,25,0.9392523364485982,0.8571428571428571
451,Month_18,True,5,50,0.9485981308411215,0.8571428571428571
452,Month_18,True,5,75,0.9532710280373832,0.8571428571428571
453,Month_18,True,5,100,0.9532710280373832,0.8571428571428571
454,Month_18,True,5,150,0.9485981308411215,0.8571428571428571
455,Month_18,True,5,200,0.9532710280373832,0.8571428571428571
456,Month_18,True,6,25,0.9532710280373832,0.8351648351648352
457,Month_18,True,6,50,0.9672897196261683,0.8571428571428571
458,Month_18,True,6,75,0.9719626168224299,0.8461538461538461
459,Month_18,True,6,100,0.9719626168224299,0.8461538461538461
460,Month_18,True,6,150,0.9813084112149533,0.8461538461538461
461,Month_18,True,6,200,0.9766355140186916,0.8461538461538461
462,Month_18,True,7,25,0.9766355140186916,0.8681318681318682
463,Month_18,True,7,50,0.985981308411215,0.8681318681318682
464,Month_18,True,7,75,0.985981308411215,0.8461538461538461
465,Month_18,True,7,100,0.985981308411215,0.8681318681318682
466,Month_18,True,7,150,0.985981308411215,0.8681318681318682
467,Month_18,True,7,200,0.985981308411215,0.8571428571428571
468,Month_18,True,8,25,0.985981308411215,0.8791208791208791
469,Month_18,True,8,50,0.9906542056074766,0.8681318681318682
470,Month_18,True,8,75,0.9906542056074766,0.8571428571428571
471,Month_18,True,8,100,0.9953271028037384,0.8571428571428571
472,Month_18,True,8,150,0.9953271028037384,0.8571428571428571
473,Month_18,True,8,200,0.9953271028037384,0.8571428571428571
474,Month_18,True,9,25,0.9906542056074766,0.8571428571428571
475,Month_18,True,9,50,1.0,0.8571428571428571
476,Month_18,True,9,75,0.9953271028037384,0.8461538461538461
477,Month_18,True,9,100,1.0,0.8571428571428571
478,Month_18,True,9,150,1.0,0.8571428571428571
479,Month_18,True,9,200,1.0,0.8571428571428571
480,Month_18,True,10,25,0.9953271028037384,0.8681318681318682
481,Month_18,True,10,50,1.0,0.8571428571428571
482,Month_18,True,10,75,1.0,0.8571428571428571
483,Month_18,True,10,100,1.0,0.8571428571428571
484,Month_18,True,10,150,1.0,0.8571428571428571
485,Month_18,True,10,200,1.0,0.8681318681318682
486,Month_24,True,2,25,0.8634020618556701,0.8433734939759037
487,Month_24,True,2,50,0.8582474226804123,0.8493975903614458
488,Month_24,True,2,75,0.8608247422680413,0.8554216867469879
489,Month_24,True,2,100,0.8608247422680413,0.8493975903614458
490,Month_24,True,2,150,0.865979381443299,0.8614457831325302
491,Month_24,True,2,200,0.8634020618556701,0.8554216867469879
492,Month_24,True,3,25,0.8969072164948454,0.8493975903614458
493,Month_24,True,3,50,0.8943298969072165,0.8554216867469879
494,Month_24,True,3,75,0.9020618556701031,0.8313253012048193
495,Month_24,True,3,100,0.9020618556701031,0.8373493975903614
496,Month_24,True,3,150,0.8994845360824743,0.8433734939759037
497,Month_24,True,3,200,0.9072164948453608,0.8433734939759037
498,Month_24,True,4,25,0.9201030927835051,0.8493975903614458
499,Month_24,True,4,50,0.9252577319587629,0.8614457831325302
500,Month_24,True,4,75,0.9278350515463918,0.8493975903614458
501,Month_24,True,4,100,0.9278350515463918,0.8554216867469879
502,Month_24,True,4,150,0.9304123711340206,0.8433734939759037
503,Month_24,True,4,200,0.9329896907216495,0.8554216867469879
504,Month_24,True,5,25,0.9432989690721649,0.8493975903614458
505,Month_24,True,5,50,0.9381443298969072,0.8433734939759037
506,Month_24,True,5,75,0.9458762886597938,0.8373493975903614
507,Month_24,True,5,100,0.9484536082474226,0.8614457831325302
508,Month_24,True,5,150,0.9484536082474226,0.8433734939759037
509,Month_24,True,5,200,0.9484536082474226,0.8554216867469879
510,Month_24,True,6,25,0.9664948453608248,0.8433734939759037
511,Month_24,True,6,50,0.9690721649484536,0.8433734939759037
512,Month_24,True,6,75,0.9639175257731959,0.8493975903614458
513,Month_24,True,6,100,0.9639175257731959,0.8493975903614458
514,Month_24,True,6,150,0.9690721649484536,0.8554216867469879
515,Month_24,True,6,200,0.9742268041237113,0.8493975903614458
516,Month_24,True,7,25,0.9845360824742269,0.8433734939759037
517,Month_24,True,7,50,0.9896907216494846,0.8554216867469879
518,Month_24,True,7,75,0.9871134020618557,0.8433734939759037
519,Month_24,True,7,100,0.9845360824742269,0.8373493975903614
520,Month_24,True,7,150,0.9845360824742269,0.8313253012048193
521,Month_24,True,7,200,0.9845360824742269,0.8373493975903614
522,Month_24,True,8,25,0.9922680412371134,0.8493975903614458
523,Month_24,True,8,50,0.9948453608247423,0.8493975903614458
524,Month_24,True,8,75,0.9948453608247423,0.8554216867469879
525,Month_24,True,8,100,0.9896907216494846,0.8493975903614458
526,Month_24,True,8,150,0.9948453608247423,0.8373493975903614
527,Month_24,True,8,200,0.9922680412371134,0.8433734939759037
528,Month_24,True,9,25,0.9948453608247423,0.8554216867469879
529,Month_24,True,9,50,0.9974226804123711,0.8493975903614458
530,Month_24,True,9,75,1.0,0.8674698795180723
531,Month_24,True,9,100,0.9974226804123711,0.8493975903614458
532,Month_24,True,9,150,0.9974226804123711,0.8373493975903614
533,Month_24,True,9,200,0.9974226804123711,0.8433734939759037
534,Month_24,True,10,25,1.0,0.8493975903614458
535,Month_24,True,10,50,1.0,0.8614457831325302
536,Month_24,True,10,75,1.0,0.8734939759036144
537,Month_24,True,10,100,1.0,0.8493975903614458
538,Month_24,True,10,150,1.0,0.8614457831325302
539,Month_24,True,10,200,1.0,0.8493975903614458
540,Month_36,True,2,25,0.922509225092251,0.8793103448275862
541,Month_36,True,2,50,0.922509225092251,0.8793103448275862
542,Month_36,True,2,75,0.9261992619926199,0.8793103448275862
543,Month_36,True,2,100,0.9298892988929889,0.8879310344827587
544,Month_36,True,2,150,0.922509225092251,0.8879310344827587
545,Month_36,True,2,200,0.922509225092251,0.8793103448275862
546,Month_36,True,3,25,0.9188191881918819,0.8620689655172413
547,Month_36,True,3,50,0.9261992619926199,0.853448275862069
548,Month_36,True,3,75,0.9261992619926199,0.8620689655172413
549,Month_36,True,3,100,0.9298892988929889,0.853448275862069
550,Month_36,True,3,150,0.9298892988929889,0.853448275862069
551,Month_36,True,3,200,0.9298892988929889,0.853448275862069
552,Month_36,True,4,25,0.940959409594096,0.853448275862069
553,Month_36,True,4,50,0.940959409594096,0.8706896551724138
554,Month_36,True,4,75,0.9372693726937269,0.8706896551724138
555,Month_36,True,4,100,0.9446494464944649,0.8620689655172413
556,Month_36,True,4,150,0.948339483394834,0.8706896551724138
557,Month_36,True,4,200,0.9520295202952029,0.8706896551724138
558,Month_36,True,5,25,0.974169741697417,0.8793103448275862
559,Month_36,True,5,50,0.981549815498155,0.8793103448275862
560,Month_36,True,5,75,0.977859778597786,0.8706896551724138
561,Month_36,True,5,100,0.977859778597786,0.8793103448275862
562,Month_36,True,5,150,0.981549815498155,0.8706896551724138
563,Month_36,True,5,200,0.985239852398524,0.8620689655172413
564,Month_36,True,6,25,0.996309963099631,0.8620689655172413
565,Month_36,True,6,50,0.992619926199262,0.8620689655172413
566,Month_36,True,6,75,0.992619926199262,0.8706896551724138
567,Month_36,True,6,100,0.992619926199262,0.8706896551724138
568,Month_36,True,6,150,0.988929889298893,0.8448275862068966
569,Month_36,True,6,200,0.988929889298893,0.853448275862069
570,Month_36,True,7,25,1.0,0.8706896551724138
571,Month_36,True,7,50,1.0,0.8793103448275862
572,Month_36,True,7,75,1.0,0.8620689655172413
573,Month_36,True,7,100,1.0,0.8620689655172413
574,Month_36,True,7,150,1.0,0.853448275862069
575,Month_36,True,7,200,1.0,0.8620689655172413
576,Month_36,True,8,25,1.0,0.8620689655172413
577,Month_36,True,8,50,1.0,0.8793103448275862
578,Month_36,True,8,75,1.0,0.8706896551724138
579,Month_36,True,8,100,1.0,0.8706896551724138
580,Month_36,True,8,150,1.0,0.853448275862069
581,Month_36,True,8,200,1.0,0.8620689655172413
582,Month_36,True,9,25,1.0,0.8706896551724138
583,Month_36,True,9,50,1.0,0.8793103448275862
584,Month_36,True,9,75,1.0,0.8706896551724138
585,Month_36,True,9,100,1.0,0.8706896551724138
586,Month_36,True,9,150,1.0,0.8620689655172413
587,Month_36,True,9,200,1.0,0.8620689655172413
588,Month_36,True,10,25,1.0,0.8793103448275862
589,Month_36,True,10,50,1.0,0.8706896551724138
590,Month_36,True,10,75,1.0,0.8706896551724138
591,Month_36,True,10,100,1.0,0.8706896551724138
592,Month_36,True,10,150,1.0,0.8620689655172413
593,Month_36,True,10,200,1.0,0.8620689655172413
594,Month_48,True,2,25,0.971830985915493,0.9
595,Month_48,True,2,50,0.971830985915493,0.9
596,Month_48,True,2,75,0.971830985915493,0.8666666666666667
597,Month_48,True,2,100,0.971830985915493,0.8666666666666667
598,Month_48,True,2,150,0.971830985915493,0.8666666666666667
599,Month_48,True,2,200,0.971830985915493,0.9
600,Month_48,True,3,25,0.9859154929577465,0.8666666666666667
601,Month_48,True,3,50,0.9859154929577465,0.8666666666666667
602,Month_48,True,3,75,0.9859154929577465,0.8666666666666667
603,Month_48,True,3,100,0.9859154929577465,0.8666666666666667
604,Month_48,True,3,150,0.9859154929577465,0.8666666666666667
605,Month_48,True,3,200,0.9859154929577465,0.8666666666666667
606,Month_48,True,4,25,1.0,0.9
607,Month_48,True,4,50,0.9859154929577465,0.8666666666666667
608,Month_48,True,4,75,0.9859154929577465,0.8666666666666667
609,Month_48,True,4,100,0.9859154929577465,0.8666666666666667
610,Month_48,True,4,150,1.0,0.8666666666666667
611,Month_48,True,4,200,1.0,0.8666666666666667
612,Month_48,True,5,25,1.0,0.8666666666666667
613,Month_48,True,5,50,1.0,0.8666666666666667
614,Month_48,True,5,75,1.0,0.8666666666666667
615,Month_48,True,5,100,1.0,0.8666666666666667
616,Month_48,True,5,150,1.0,0.8666666666666667
617,Month_48,True,5,200,1.0,0.8666666666666667
618,Month_48,True,6,25,1.0,0.9
619,Month_48,True,6,50,1.0,0.8666666666666667
620,Month_48,True,6,75,1.0,0.8666666666666667
621,Month_48,True,6,100,1.0,0.8666666666666667
622,Month_48,True,6,150,1.0,0.8666666666666667
623,Month_48,True,6,200,1.0,0.8666666666666667
624,Month_48,True,7,25,1.0,0.9
625,Month_48,True,7,50,1.0,0.8666666666666667
626,Month_48,True,7,75,1.0,0.8666666666666667
627,Month_48,True,7,100,1.0,0.8666666666666667
628,Month_48,True,7,150,1.0,0.8666666666666667
629,Month_48,True,7,200,1.0,0.8666666666666667
630,Month_48,True,8,25,1.0,0.9
631,Month_48,True,8,50,1.0,0.8666666666666667
632,Month_48,True,8,75,1.0,0.8666666666666667
633,Month_48,True,8,100,1.0,0.8666666666666667
634,Month_48,True,8,150,1.0,0.8666666666666667
635,Month_48,True,8,200,1.0,0.8666666666666667
636,Month_48,True,9,25,1.0,0.9
637,Month_48,True,9,50,1.0,0.8666666666666667
638,Month_48,True,9,75,1.0,0.8666666666666667
639,Month_48,True,9,100,1.0,0.8666666666666667
640,Month_48,True,9,150,1.0,0.8666666666666667
641,Month_48,True,9,200,1.0,0.8666666666666667
642,Month_48,True,10,25,1.0,0.9
643,Month_48,True,10,50,1.0,0.8666666666666667
644,Month_48,True,10,75,1.0,0.8666666666666667
645,Month_48,True,10,100,1.0,0.8666666666666667
646,Month_48,True,10,150,1.0,0.8666666666666667
647,Month_48,True,10,200,1.0,0.8666666666666667
